Year,Year Code,Country Name,Country Code,GDP,Compulsory years - legal,Entrance age to education,Govt Expenditure (USD),GER - tertiary education,GER - Primary,Overall Labour Force,Labor force - advanced education,Labor force - basic education,Early childhood enrollment,Early childhood enrollment - pre primary,GER - tertiary -Male,GER - tertiary -Female,Net flow - international students,Outbound mobility ratio,Youth literacy rate,Unemployment,"Unemployment, male","Unemployment, female",Percentage with no schooling - adults,Net enrollment rate,Net enrollment rate - upper secondary,Teachers - secondary education
2008,YR2008,Argentina,ARG,9020.873098,12,5,17515.3357,68.05695,118.59346,17877897,83.85220337,52.21070099,1513537,1429412,54.44815,81.85146, ,0.40602,99.474685,7.836999893,6.501999855,9.720000267,1.21121,99.81723,82.91404,153249
2008,YR2008,Brazil,BRA,8831.023117,8,7,89350.355,35.5621,132.05521,93486539,83.61949921,64.72319794,6784955,5015087,31.06568,40.17341,-12864,0.47401,98.46722,7.342999935,5.421000004,9.94699955,13.74045,98.53831,83.32669,786692
2008,YR2008,Chile,CHL,10751.47967,12,6,6812.65556,56.73127,107.54435,7731123,83.6013031,48.66871948,402496,402496,55.94932,57.53768,2681,1.17745,99.15065,9.284999847,7.486999989,12.10000038,0.92009,97.37041,88.91521,23716
2008,YR2008,United Kingdom,GBR,47286.99849,11,5,151735.9338,56.64391,105.06189,31668286,85.23609924,57.80929947,1108148,1108148,47.6475,65.9523,319671,0.94955,95.234,5.614999771,6.061999798,5.084000111,0.24353,98.97176,90.7296,152096
2008,YR2008,Switzerland,CHE,72487.83471,9,5,26986.38445,48.83328,102.54068,4410564,83.11440277,49.2942009,151699,151699,49.0464,48.61576,20991,4.7734,99.1028,3.349999905,2.819999933,3.96600008,0.1999,99.01676,82.07011,33340
2008,YR2008,Spain,ESP,35366.2596,10,6,73591.08833,69.74542,104.6608,23073217,82.67520142,48.28129959,1834423.833,1381511.667,62.48522,77.39692,14505,1.3038,99.58398,11.25399971,10.05500031,12.84000015,2.63318,99.99068,86.60961,186944
2008,YR2008,Mexico,MEX,10016.5713,9,4,53502.22454,26.11203,109.42442,47053017,83.16410065,58.50460052,4756870,4756870,26.48113,25.75689,-18756,1.01302,98.99595,3.874000072,3.780999899,4.037000179,10.05405,99.93155,57.48789,382753
2008,YR2008,Japan,JPN,39339.29757,9,6,149868.6073,48.67157,99.9989,67100796,82.232,71.33834415,3606830,3031927,44.5085,52.89156,75886,1.2868,95.2342,4,4.125,3.822999954,1.9873,97.95392,53.98777,263446
2008,YR2008,Germany,DEU,45427.15168,13,6,165462.1816,56.76541,104.02398,41886218,73.40779877,37.75460052,2679832,2147381,53.99823,48.3322,56987,5.443,99.58398,7.524000168,7.421999931,7.649000168,0,97.46986,94.08061,409129
2008,YR2008,France,FRA,45334.11444,10,6,130432.1,52.47552,103.62215,29401083,78.50610352,35.45769882,2570041,2570041,46.39921,58.71416,196439,2.17122,99.12422,7.063000202,6.723999977,7.443999767,0.00047,99.49644,93.30324,236700
2008,YR2008,China,CHN,3468.304463,9,6,15759.4,20.68412,100.74244,773615098,82.43,85.32,23488300,23488300,20.52263,20.85634,-407064,1.71627,99.673423,4.586999893,5.071000099,3.977999926,7.2342,98.34,89.34,3628357
2008,YR2008,Singapore,SGP,40007.46926,6,6,5002.32234,79.4387,98.2322,2790771,85.85224491,71.33834415,2540140,1727778.4,44.5085,52.89156,21507,9.51204,99.87828778,3.960000038,3.644000053,4.421000004,0.0245,99.98456,99.9345,136553
2008,YR2008,Malaysia,MYS,8474.586829,6,6,9136.81787,33.43948,97.9803,11632624,60.12,60.34,771225,771225,28.74731,38.40127,-14868,6.09151,98.9923,3.339999914,3.163000107,3.673000097,10.8912,95.06773,64.1894,263446
2008,YR2008,Uruguay,URY,9091.079039,12,4,1922.2341,50.93381,114.49371,1688609,82.48320007,61.65750122,129943,129943,31.06568,40.17341,-1921,2.73474,98.94201,8.026000023,5.688000202,10.94499969,1.60509,99.74029,74.42224,15096
2008,YR2008,Thailand,THA,4379.659877,9,6,10223.17101,48.67157,100.82844,38752683,85.85224491,71.33834415,2540140,1727778.4,44.5085,52.89156,-15160,1.07301,94.4398,1.179999948,1.299000025,1.039000034,2.456,97.95392,53.98777,136553
2009,YR2009,Argentina,ARG,8225.137176,12,5,18417.09764,70.20646,117.90598,18229085,83.87770081,51.91329956,1554897,1462363,56.4313,84.18764,51456,0.37981,99.58429,8.645000458,7.776000023,9.854999542,1.03183,99.79281,81.47612,224158
2009,YR2009,Brazil,BRA,8597.915352,8,7,91078.42953,37.0384,131.16516,95333404,83.9233017,64.75730133,6810379,4900441,31.90576,42.16417,-15580,0.52161,98.55798,8.522000313,6.403999805,11.36499977,12.9326,96.58508,83.85313,783747
2009,YR2009,Chile,CHL,10208.90676,12,6,7293.20094,60.9115,106.50496,7845618,83.6013031,45.34389877,413895,413895,59.12312,62.75647,-3338,1.23765,98.83399,11.31299973,9.954000473,13.40100002,1.44567,95.85289,86.10622,24539
2009,YR2009,United Kingdom,GBR,38713.13743,11,5,148305.3726,57.90053,104.25979,31852142,85.01100159,57.60789871,1121699,1121699,49.11106,66.949,345084,0.9889,95.6174975,7.537000179,8.489999771,6.416999817,0.23144,98.15641,91.767,151426
2009,YR2009,Switzerland,CHE,69927.44229,9,5,27298.34059,50.14809,102.83444,4480400,83.06900024,50.08060074,152919,152919,49.95877,50.34146,23586,4.82299,99.4778975,4.116000175,3.769000053,4.519999981,0.22935,99.47166,81.79628,35096
2009,YR2009,Spain,ESP,32042.47408,10,6,72971.81856,71.58433,104.58888,23333899,82.72019958,48.22629929,1834423.833,1381511.667,64.00521,79.5756,24575,1.32952,99.61327,17.85700035,17.64500046,18.12700081,2.57521,99.94663,87.24004,188389
2009,YR2009,Mexico,MEX,8002.972106,9,4,46693.8443,26.58673,110.54528,48002417,82.29540253,58.17110062,4645464,4645464,26.89417,26.289,-18953,1.02175,99.08782,5.355999947,5.357999802,5.353000164,9.35642,99.98283,57.29424,389346
2009,YR2009,Japan,JPN,40855.17564,9,6,170132.447,49.331295,99.998,66914282,81.987,70.39475115,3579867,2984517,44.02387,53.23987,86272,1.16997,96.23487,5.099999905,5.308000088,4.808000088,1.6236,98.05180857,56.11325,265822
2009,YR2009,Germany,DEU,41485.90165,13,6,166815.0344,57.88989,103.39642,41947024,73.52749634,37.76459885,2690837,2169034,55.23489,50.3475,62987,5.0129,99.59972,7.742000103,8.102000237,7.309000015,0,97.06893,92.28573,410096
2009,YR2009,France,FRA,41575.41875,10,6,135654.3,52.7731,103.04114,29643733,78.12819672,35.53279877,2554085,2554085,46.57019,59.162,195857,2.45234,99.43218667,8.736000061,8.677000046,8.802000046,0.00042,99.10649,93.14829,230867
2009,YR2009,China,CHN,3832.235952,9,6,16249.4,22.44306,100.0061,774937161,83.166,86.05,24749600,24749600,22.03863,22.87581,-455146,1.76256,99.43763,4.71999979,5.217999935,4.092000008,7,97.826,88.84,3621308
2009,YR2009,Singapore,SGP,38927.20688,6,6,5827.97371,81.2342,98.4334,2903354,87.94999695,83.03917101,2628923,1767873.511,48.23498,56.09238,28546,9.40632,99.87828778,5.860000134,5.401000023,6.546999931,0.0203,99.91455,99.91229714,173274
2009,YR2009,Malaysia,MYS,7292.494447,6,6,12083.2409,35.49468,98.65876,11982379,61,61.54,786177,786177,30.67694,40.58598,-1953,5.97359,98.9345,3.690000057,3.634000063,3.79399991,9.40384,95.86919,64.76962,275615
2009,YR2009,Uruguay,URY,9451.932449,12,4,1987.467,51.08731,113.99937,1707588,81.71900177,62.60229874,133003,133003,32.91684,41.261155,-9972,2.84672,98.7976,7.739999771,5.55700016,10.46199989,1.59266,99.70305,76.26517,15887
2009,YR2009,Thailand,THA,4213.001541,9,6,10879.4796,49.4027,99.17333,39187970,85.85224491,71.33834415,2660035,1727778.4,44.89158,53.96824,-10480,1.11039,95.23489,0.93599999,1.024000049,0.833000004,2.8456,98.08255,60.2012,129075
2010,YR2010,Argentina,ARG,10385.96443,12,5,21264.88002,73.2314,116.97576,18222853,83.84220123,51.24430084,1581370,1484207,58.88202,87.82828,54879,0.38727,99.29864,7.714000225,6.666999817,9.196000099,1.08694,99.39627,83.22139,224158
2010,YR2010,Brazil,BRA,11286.24302,8,7,124774.7885, ,130.5673,95231965,82.66739655,60.77330971,6792095,4717516, ,49.807212,-19011,0.51504,98.22256,7.736000061,5.605999947,10.63599968,11.05726,94.507827,86.593901,793669
2010,YR2010,Chile,CHL,12808.03459,12,6,9095.72225,67.86343,103.75048,8033000,81.59420013,49.20800018,516183,516183,65.47506,70.32853,-2362,1.21295,98.88466,8.423999786,7.44299984,9.909000397,2.94292,97.1694,88.54349,22600
2010,YR2010,United Kingdom,GBR,39435.8399,11,5,137500.0756,58.92335,104.55491,32039432,81.26139832,56.17570114,1175407,1175407,50.53971,67.52451,365132,1.00136,95.6174975,7.787000179,8.567000389,6.872000217,0.19213,98.38932,93.45715,151426
2010,YR2010,Switzerland,CHE,74605.77451,9,5,28757.43515,52.93773,102.84946,4450103,82.48429871,49.97230148,147200,147200,53.21018,52.65946,26603,4.66208,99.4778975,4.80700016,4.484000206,5.188000202,0.22935,99.5245,81.44913,35096
2010,YR2010,Spain,ESP,30502.71971,10,6,68991.38901,75.91095,103.97558,23533345,81.36380005,48.13479996,1834423.833,1381511.667,68.09579,84.16237,30846,1.33969,99.60531,19.86000061,19.56699944,20.22500038,2.49066,99.93178,89.16836,188540
2010,YR2010,Mexico,MEX,9271.398233,9,4,54574.32703,27.56347,110.63349,48831112,81.66040039,57.93970108,4619209,4619209,27.87713,27.25701,-19436,0.94475,98.99269,5.302999973,5.373000145,5.183000088,9.29352,99.86079,58.41348,394955
2010,YR2010,Japan,JPN,44507.67639,9,6,190396.2866,49.331295,99.9615,66663144,81.58930206,70.39475115,3513892,2903905,43.8238,53.9082,101343,1.04933,96.43124,5.099999905,5.43599987,4.631000042,0.1207,98.05180857,58.23873,269448
2010,YR2010,Germany,DEU,41531.9342,13,6,167904.9389,58.12387,102.99588,42007911,81.12419891,37.05920029,2716782,2179842,58.9874,52.34873,67810,4.7894,99.59972,6.96600008,7.361999989,6.493999958,0,97.64698,91.94564,410129
2010,YR2010,France,FRA,40638.334,10,6,136987.9,54.88172,102.76151,29742815,78.08580017,35.59820175,2551312,2551312,48.70747,61.24571,202505,2.55803,99.43218667,8.87100029,8.696000099,9.067000389,0.00044,98.73195,92.73551,229530
2010,YR2010,China,CHN,4550.453596,9,6,16739.4,24.19849,98.96422,775351078,82.76,85.87,26578141,26578141,23.49371,24.95607,-496311,1.82945,99.72821,4.526000023,5.001999855,3.923000097,6.5918,97.826,88.34,3657744
2010,YR2010,Singapore,SGP,47236.96023,6,6,5980.7494,82.7934,98.7608,3005326,88.65000153,86.2238,2717707,1767873.511,53.23498,59.23987,27201,8.74402,99.75182,4.119999886,3.917999983,4.420000076,0.02,99.949555,99.91229714,210489
2010,YR2010,Malaysia,MYS,9040.566251,6,6,12665.27401,37.02888,99.75795,12266013,64.12,64.35,805474,805474,31.37361,42.99131,5299,5.601,98.87357,3.25,3.15199995,3.433000088,8.78213,96.23306,65.37179,275615
2010,YR2010,Uruguay,URY,11992.01663,12,4,2012.123,51.23524,112.82514,1711304,81.66870117,62.76440048,131734,131734,34.768,42.3489,-16583,3.1783,98.76223,7.157999992,5.309999943,9.465999603,1.62115,99.8448,80.1152225,17159
2010,YR2010,Thailand,THA,5076.342992,9,6,11967.46911,50.37474,96.85814,38939038,87.76000214,71.86380005,2768318,1727778.4,44.26979,56.551,-8935,1.15334,96.43124,0.621999979,0.620999992,0.621999979,3.51996,98.018235,61.73728,128582
2011,YR2011,Argentina,ARG,12848.8642,12,5,28048.96788,76.2974,115.61473,18557537,83.6411972,51.47729874,1589458,1487105,60.00511,92.92044,58987,0.35311,99.62824,7.179999828,6.248000145,8.49600029,0.87511,99.4341,85.19448,224158
2011,YR2011,Brazil,BRA,13245.6125,8,7,150102.1664,43.45983,132.49661,95052710,82.66739655,61.707901,7003802,4696625,37.57003,49.34314,-21623,0.52032,98.85688,6.916999817,5.09100008,9.43900013,15.08001,95.69718,84.89056,795902
2011,YR2011,Chile,CHL,14637.24024,12,6,10204.06313,72.27679,103.40725,8315407,84.44080353,50.30149841,544104,544104,68.90478,75.75654,-10200,1.23777,99.43425,7.343999863,6.308000088,8.862000465,3.27954,96.63669,89.46429,23440
2011,YR2011,United Kingdom,GBR,42038.50048,11,5,138495.7045,59.14593,104.42571,32228976,85.02549744,59.30089951,1248282,1248282,50.99983,67.49652,391089,1.15787,95.6523,8.036999702,8.63599968,7.337999821,0.14436,98.33499,91.27679,151426
2011,YR2011,Switzerland,CHE,88415.61081,9,5,34768.12556,54.48452,103.11392,4539303,81.19429779,50.55419922,148573,148573,54.7102,54.25391,29850,4.63823,99.4778975,4.407999992,4.074999809,4.800000191,0.22935,99.64841,80.37429,35096
2011,YR2011,Spain,ESP,31636.44631,10,6,72414.29007,80.03797,104.55565,23570743,82.16059875,47.85919952,1834423.833,1381511.667,71.80545,88.74741,34985,1.41766,99.68406,21.38999939,21.04500008,21.81299973,2.45394,99.9539,88.61856,185625
2011,YR2011,Mexico,MEX,10203.42085,9,4,60271.64684,28.3415,110.54076,49847433,80.8443985,58.05509949,4652294,4652294,28.64911,28.03772,-19639,0.91452,99.01107,5.170000076,5.193999767,5.129000187, ,99.73703,58.19121,403631
2011,YR2011,Japan,JPN,48167.99727,9,6,207630.4239,49.331295,99.98233,66043052,78.24275752,70.39475115,3455771,2844155,43.62837,56.1327,115581,0.92462,96.94794933,4.520999908,4.795000076,4.138999939,1.241645,97.93432,61.736855,270828
2011,YR2011,Germany,DEU,46644.77603,13,6,180662.7597,58.99865,102.46656,41659627,74.39459991,40.32949829,2777639,2197391,60.56333,54.89234,72876,4.372974,99.59972,5.823999882,6.031000137,5.579999924,0,97.54859,94.18398,403058
2011,YR2011,France,FRA,43790.73205,10,6,140756,55.62573,102.6911,29744876,77.90789795,35.28379822,2559485,2559485,49.47343,61.97702,207738,2.6765,99.59972,8.81099987,8.534999847,9.116999626,0.00039,99.75818,93.05499,229471
2011,YR2011,China,CHN,5618.132491,9,6,17040.2,25.64785,99.04702,777894941,83.166,86.05,29766695,29766695,24.59831,26.78327,-573536,2.08626,99.29699925,4.547999859,5.026000023,3.941999912,6.18975,97.42,88.94,3656262
2011,YR2011,Singapore,SGP,53890.42873,6,6,7268.06014,83.4387,98.9723,3090038,88.99890076,83.23482,2741757,1783957,59.2387,63.34893,31619,8.76218,99.8872,3.890000105,3.588999987,4.330999851,0.0176, ,99.91229714,258510
2011,YR2011,Malaysia,MYS,10399.37275,6,6,17170.78904,36.14812,101.08029,12823341,65.66000366,65.23999786,812541.4,812541.4,31.15436,41.41298,3921,5.76095,98.7306968,3.049999952,2.904999971,3.313999891,8.783575,97.06133,64.49113,275615
2011,YR2011,Uruguay,URY,14236.68119,12,4,2088.89188,58.30424714,113.25496,1732530,83.99140167,65.72930145,174052,127784,36.343,42.96555,-19644,3.11002,98.86892,6.30700016,4.857999802,8.098999977,1.23011,99.80473,78.91417,18653
2011,YR2011,Thailand,THA,5492.115427,9,6,17819.90837,52.2557,96.75588,40059084,87.66000366,73.86000061,2755371,1727778.4,45.99023,58.60076,-7041,1.08901,96.90061833,0.660000026,0.646000028,0.675999999,3.7345,97.87663,68.95666167,128974
2012,YR2012,Argentina,ARG,13082.66433,12,5,29187.28552,77.44629,114.22717,18770957,82.46859741,50.8647995,1636479,1527075,60.60361,94.67601,60898,0.30023,99.37587,7.217000008,6.080999851,8.81099987,0.88518,99.42824,86.79378,224158
2012,YR2012,Brazil,BRA,12370.0242,8,7,144339.2393,44.76537,132.4567,97597798,81.59420013,69.84809875,7314164,4765943,38.34522,49.9983,-22365,0.51904,99.02385,7.18599987,5.81400013,9.059000015,11.89992,94.98456,85.45876,805357
2012,YR2012,Chile,CHL,15351.55133,12,6,10958.40552,75.93107,103.24807,8423909,85.07939911,49.61780167,555046,555046,71.76283,80.23166,-8990,1.11288,99.12297857,6.65899992,5.645999908,8.130000114,2.147055,96.492,88.76515,24034
2012,YR2012,United Kingdom,GBR,42462.71491,11,5,150820.2426,59.40212,106.24608,32584504,83.67579651,56.61700058,1281727,1281727,51.18652,67.86715,401085,1.06584,95.6174975,7.885000229,8.31400013,7.383999825,0.15979,98.49614,90.77905,151426
2012,YR2012,Switzerland,CHE,83538.21282,9,5,33625.12112,55.52047,103.15372,4597138,81.45149994,49.74769974,149660,149660,55.55059,55.48953,32689,4.36952,99.2928,4.485000134,4.276000023,4.729000092,0.2588,99.61168,77.43487,34752
2012,YR2012,Spain,ESP,28324.42934,10,6,59210.73219,82.27033,105.24018,23581654,82.72519684,47.44459915,1834423.833,1381511.667,74.29729,90.69085,24884,1.57057,99.61991,24.78700066,24.58099937,25.0340004,2.3211,99.88318,88.95521,181946
2012,YR2012,Mexico,MEX,10241.72792,12,4,61292.85176,29.47184,110.41345,51369079,80.8687973,58.57799911,4716545,4716545,29.78086,29.16375,-19755,0.87657,99.24526,4.887000084,4.893000126,4.876999855,8.44448,99.6698,60.53173,410704
2012,YR2012,Japan,JPN,48603.47665,9,6,227349.2657,49.23432,99.34857,65639408,76.88999939,70.39475115,3476431,2850735,43.32111,56.39484,117117,0.86237,96.94794933,4.300000191,4.548999786,3.954999924,1.23498,97.99348,65.23498,274896
2012,YR2012,Germany,DEU,43858.36306,13,6,174835.7737,60.43222,101.6142,41735942,74.16429901,40.28979874,2814831,2201983,62.23452,56.98232,75698,4.37297,99.59972,5.379000187,5.551000118,5.176000118,0,96.70482,89.41228,401403
2012,YR2012,France,FRA,40874.70351,10,6,142980,57.90901,102.52316,29984799,78.36270142,35.00299835,2564469,2564469,51.44333,64.59659,207173,2.79691,99.43218667,9.399999619,9.437999725,9.357999802,0.00037,99.63011,93.85723,223438
2012,YR2012,China,CHN,6316.918863,9,6,17040.2,28.72567,99.7911,780282595,83.55,86.48,34244456,34244456,27.31908,30.26018,-609543,2.14363,99.29699925,4.570000172,5.048999786,3.960000038,6.18975,97.826,89.25,3667196
2012,YR2012,Singapore,SGP,55546.48854,6,6,8578.47035,82.2384,99.3529,3207317,89.3478,81.78454,2895275,1791885.133,67.34534,67.34593,26834,8.65646,99.89494,3.720000029,3.367000103,4.234000206,0.0154,99.92011594,99.91229714,267938
2012,YR2012,Malaysia,MYS,10817.44287,6,6,18045.99561,37.61231,102.74181,13336103,66,66.94999695,833121,833121,32.22861,43.28743,-3237,5.52073,98.633114,3.039999962,2.970999956,3.161999941,8.208759,98.54356,69.2579,275615
2012,YR2012,Uruguay,URY,15171.58466,12,4,2343.973066,58.30424714,112.01014,1730349,82.99559784,64.7798996,176477,128977,36.48666667,43.5822,-21025,2.88392,98.93646,6.451000214,4.938000202,8.31099987,1.16823,99.77185,81.12665,19429
2012,YR2012,Thailand,THA,5860.58061,9,6,18036.06783,50.67901,97.02945,40105864,87.75,73.97000122,2731480,1727778.4,43.79965,57.67101,-6291,1.09443,96.90061833,0.579999983,0.621999979,0.531000018,3.923423,97.96249071,77.97347,127776
2013,YR2013,Argentina,ARG,13080.25473,12,5,30011.42828,78.2239,112.01195,18931350,82.6486969,49.78160095,1677440,1566810,60.34128,96.55508,63429,0.27299,99.55132,7.099999905,6.119999886,8.484000206,0.78479,99.59191,87.1682,224158
2013,YR2013,Brazil,BRA,12300.32258,12,4,144383.4178,46.22134,133.5467,98903783,81.26139832,69.35759735,7607577,4870332,39.44523,50.23433, ,0.52459,99.01958,6.975999832,5.662000179,8.770999908,12.34323,94.76733,86.04483,809183
2013,YR2013,Chile,CHL,15842.94081,12,6,12609.22623,79.95629,101.45874,8556606,84.25219727,49.30239868,731552,586616,75.80151,84.24253,-9969,1.10473,99.13841,6.214000225,5.545000076,7.173999786,2.86851,96.05307,92.97819,25068
2013,YR2013,United Kingdom,GBR,43444.56484,11,5,149574.9062,57.03876,107.112,32898627,84.0687027,56.64160156,1516079.92,1258174.253,49.26336,65.08417,388074,1.19937,95.6174975,7.525000095,7.946000099,7.037000179,0.13935,99.72458,94.18203,146105.3971
2013,YR2013,Switzerland,CHE,85112.4696,9,5,34703.91703,56.27015,103.60148,4655996,81.34010315,50.30360031,157798,157798,55.93575,56.61547,34934,4.36244,99.4778975,4.747000217,4.599999905,4.918000221,0.2673,99.78762,79.74875,35440
2013,YR2013,Spain,ESP,29059.54795,10,6,58945.7449,83.72564,108.19378,23386629,81.98020172,46.94589996,1915000,1465571,75.80396,92.07241,26319,1.52541,99.62942,26.09399986,25.60300064,26.67300034,2.247153333,99.77058,90.35061,132206
2013,YR2013,Mexico,MEX,10725.18332,12,4,59848.43559,30.30004,109.44148,52139332,80.59210205,58.38029861,5016824,4772612,30.64125,29.95729,-19974,0.84823,99.083,4.914000034,4.888999939,4.955999851,8.05573,99.5963,65.41491,428939
2013,YR2013,Japan,JPN,40454.44746,9,6,227371.3044,49.331295,99.812952,65970039,77.51000214,70.23472,2910036,2910036,42.2342,56.78723,102376,0.86537,96.94794933,4,4.250999928,3.657999992,2.237605625,98.05180857,69.23613667,277555
2013,YR2013,Germany,DEU,46285.76407,13,6,185185.4951,61.38684,100.83825,42101062,73.98259735,40.75669861,2884997,2207123,63.23872,59.43399,76110,4.33485,99.59972,5.230999947,5.500999928,4.914000034,0,96.41053,88.7355,400878.3985
2013,YR2013,France,FRA,42592.93409,10,6,144370.112,59.84876,102.27644,30126536,78.1434021,33.30400085,2560774,2560774,53.42694,66.50814,151985,3.27843,99.43218667,9.920999527,10.03999996,9.788999557,0.00036,99.42077,94.18028,227044
2013,YR2013,China,CHN,7050.64592,9,6,17463.7,32.43367,99.5646,782215189,83.166,86.05,36857624,36857624,30.50321,34.55895,-623027,2.11032,99.29699925,4.590000153,5.072000027,3.977999926,6.18975,97.27,89.19,3603026
2013,YR2013,Singapore,SGP,56967.42579,6,6,8422.82148,83.3454675,99.4384,3272484,87.29335,79.8457,2926740,1863920,69.2342,75.34857,30281,8.6321,99.89861,3.859999895,3.480999947,4.407000065,0.0134,99.92992896,99.90859667,287647
2013,YR2013,Malaysia,MYS,10970.12328,6,6,17719.48204,39.07458,104.66016,13939869,67.30999756,68.95999908,866710,866710,33.24597,45.21575,10354,5.35723,98.22,3.109999895,2.917000055,3.436000109,7.61289,99.66427,63.89759,275615
2013,YR2013,Uruguay,URY,16973.67421,12,4,2343.973066,59.87363,111.70156,1726790,82.76609802,64.50090027,177733,129203,38.349,46.00555,-24286,2.72129,98.91048,6.443999767,5.010000229,8.227999687,1.1036,99.91619,80.1152225,20749
2013,YR2013,Thailand,THA,6168.264895,9,6,17334.64572,49.85337,96.91785,39233144,86.69120026,71.84449768,2804082,1727778.4,42.38451,57.46897,-3456,1.08537,98.44835,0.488999993,0.5,0.476000011,4.94424,97.96249071,68.95666167,129075
2014,YR2014,Argentina,ARG,12334.79825,12,5,28218.33751,80.99581,111.45967,19009264,82.21040344,49.82709885,1711266,1597990,62.19477,100.30122,64986,0.26828,99.29671,7.268000126,6.485000134,8.383000374,0.89833,99.90196,87.18768,224158
2014,YR2014,Brazil,BRA,12112.5903,12,4,146094.2443,47.33456,132.476655,99932834,82.48429871,68.81580353,7869869,4971941,41.43533,51.11234,-26177,0.56081,99.12835,6.660999775,5.592000008,8.11400032,11.67364,93.54393,86.98654,804019
2014,YR2014,Chile,CHL,14670.99676,12,6,12326.10519,82.84638,100.94146,8714329,82.91200256,49.64030075,756456,608860,78.37948,87.45525,-10061,1.1038,99.12297857,6.664999962,6.34100008,7.124000072,2.2672975,96.1001,93.52564,26359
2014,YR2014,United Kingdom,GBR,47417.63505,11,5,155989.3004,56.5645,102.25555,33194855,83.68789673,56.95930099,1596803,1429852,48.91376,64.50465,398661,1.27767,95.2378,6.110000134,6.361999989,5.820000172,0.11635,99.89948,99.30882,154724
2014,YR2014,Switzerland,CHE,86605.51739,9,5,35822.43347,57.22972,103.48743,4742519,80.8832016,50.74470139,165659,165659,56.75972,57.71653,37219,4.25687,99.4778975,4.826000214,4.686999798,4.986000061,0.2737,99.80702,80.28041,33289
2014,YR2014,Spain,ESP,29461.55033,10,6,58930.47057,85.44627,107.15204,23181003,81.5490036,51.11579895,1886886,1443001,77.79098,93.49333,24463,1.66297,99.70474,24.44099998,23.60000038,25.4279995,2.09632,99.73279,90.13399,131385
2014,YR2014,Mexico,MEX,10922.37605,12,4,69154.23482,31.09414,108.00575,52542478,79.83930206,57.7038002,5040480,4797728,31.35193,30.83395,-19984,0.847,99.33516,4.809000015,4.787000179,4.847000122,7.78939,99.50078,67.70419,437593
2014,YR2014,Japan,JPN,38109.41211,9,6,185120.5019,49.331295,99.812952,66175617,77.6850001,70.11234,2880706,2880706,42.18342,55.28599113,98803,0.87721,97.234782,3.599999905,3.729000092,3.426000118,2.237605625,98.05180857,69.23613667,279959
2014,YR2014,Germany,DEU,47959.99327,13,6,191850.8427,65.50391,100.53864,42318973,73.64219666,37.14690018,2970435.5,2224600,66.97768,63.94287,92044,4.06902,99.59972,4.980999947,5.282000065,4.629000187,0,96.76399,89.09322,410254.9857
2014,YR2014,France,FRA,43008.64738,10,6,144370.112,61.51048,101.28035,30068094,77.38800049,31.7765007,2583890,2583890,54.95664,68.3063,153050,3.43564,99.43218667,10.29199982,10.53299999,10.02799988,0.0003,98.63812,93.72783,233176
2014,YR2014,China,CHN,7651.366044,9,6,17708.3,42.43073,95.79643,783684170,83.166,86.05,38946903,38946903,39.43411,45.75697,-662567,1.83852,99.29699925,4.609000206,5.092999935,3.993999958,6.18975,97.826,89.19,3566118
2014,YR2014,Singapore,SGP,57562.53079,6,6,8612.56,83.3454675,99.71186,3364032,85.2389,76.7342,2958206,1864899.333,73.34429,82.32389,29642,8.69869,99.90047,3.74000001,3.477999926,4.111999989,0.012,99.91815333,99.90859667,292980
2014,YR2014,Malaysia,MYS,11319.07976,6,6,17621.94915,39.50857,104.36137,14282710,68.25,68.98999786,894079,894079,33.88727,45.43081,37144,5.54105,98.1452,2.880000114,2.671999931,3.221999884,6.976238,99.8924,61.17901,273923
2014,YR2014,Uruguay,URY,16831.97294,12,4,2343.973066,60.72049,111.33335,1750156,83.92649841,65.15440369,181517,129248,44.41368,46.00555,-27547,2.7084,98.88511,6.546999931,5.065000057,8.359999657,0.99327,97.02792,82.90934,21439
2014,YR2014,Thailand,THA,5951.883702,9,6,17023.54,50.18006,102.11088,38995309,85.69120026,70.76190186,2819701,1737040,42.74183,57.7868,-1974,1.10223,96.90061833,0.575999975,0.584999979,0.56400001,4.495174333,97.96249071,80.75744,129075
2015,YR2015,Argentina,ARG,13789.06042,12,4,34353.38171,84.002,111.30341,19360544,82.44256592,51.04558563,1755943,1638369,64.05334,104.51591,66437,0.27284,99.5597,7.75,6.965000153,8.850999832,0.70464,99.9437,88.96875,200412
2015,YR2015,Brazil,BRA,8814.000987,12,4,112477.2584,49.23457,133.4412,101600929,81.36380005,63.55189896,7972230,4923158,43.45443,51.2343,-30953,0.61322,99.22667,8.427000046,7.212999821,10.05500031,11.07827,93.97845,87.34534,789074
2015,YR2015,Chile,CHL,13574.17183,12,6,11891.8011,85.26672,100.68484,8861615,83.93240356,49.01139832,770389,616237,80.73681,89.94314,-9806,1.11442,99.37321,6.507999897,6.06400013,7.137000084,2.72484,96.29394,94.41746,26768
2015,YR2015,United Kingdom,GBR,44966.10193,11,5,170229.8069,56.45849,101.92527,33481424,83.76429749,56.89179993,2035420,1667614,48.57049,64.65976,399354,1.35085,95.6174975,5.301000118,5.454999924,5.124000072,0.163903333,99.93433,99.37306,151426
2015,YR2015,Switzerland,CHE,82081.60921,9,5,34675.32489,57.70735,104.1842,4813826,80.59169769,51.41090012,168860,168860,56.90904,58.53498,37862,4.32312,99.4778975,4.801000118,4.703999996,4.912000179,0.30746,99.83138,81.66404,32588
2015,YR2015,Spain,ESP,25732.01836,10,6,51229.60894,85.61178,106.36399,23115401,81.27960205,50.76549911,1842383,1398107,78.34086,93.2418,24463,1.7804,99.65738,22.05699921,20.77700043,23.5510006,2.03243,99.67222,91.29831,132097
2015,YR2015,Mexico,MEX,9605.952351,12,4,61281.90945,31.81904,106.60611,53574700,79.00839996,57.87070084,5059882,4814886,32.07144,31.56362,-20665,0.87214,99.32804,4.313000202,4.229000092,4.453000069,7.68402,99.4255,70.32066,457131
2015,YR2015,Japan,JPN,34524.46986,9,6,185529.6199,49.331295,99.812952,66363530,77.55999756,70.39475115,2874837,2874837,41.97236,55.28599113,101423,0.79465,97.847634,3.400000095,3.61500001,3.112999916,3.23987,98.02342,70.23876,280977
2015,YR2015,Germany,DEU,41139.54457,13,6,162481.9365,67.74687,101.66745,42592924,73.34190369,37.21989822,3014045.5,2230504,68.40745,67.04391,111658,3.93238,99.59972,4.624000072,4.97300005,4.21999979,0,98.14315,88.62628,411404.2719
2015,YR2015,France,FRA,36613.37522,10,6,145621.168,62.78593,101.98964,30138027,77.51509857,30.8159008,2595862,2595862,56.10227,69.71964,152725,3.57584,99.43218667,10.35900021,10.79599953,9.880999565,0.00027,99.48502,94.28584,232561
2015,YR2015,China,CHN,8033.388043,9,6,17708.3,46.04043,96.3186,784597090,82.97,86.34,40507145,40507145,42.33761,50.17866,-696728,1.89049,99.29699925,4.629000187,5.114999771,4.012000084,6.18975,97.98,89.53,3565616
2015,YR2015,Singapore,SGP,55646.61875,6,6,8745.77,83.3454675,99.71186,3451949,84.7643,74.2342,3073664,1946821,73.34429,89.34897,28456,8.59273,99.7849,3.789999962,3.655999899,3.977999926,0.0109,99.91815333,99.90859667,292980
2015,YR2015,Malaysia,MYS,9955.242127,6,6,14750.93764,45.59271,103.81867,14612026,69.33000183,68.94999695,934418,934418,39.83598,51.66175,46718,4.97083,98.045,3.099999905,2.921000004,3.39199996,6.5672,99.51663,61.94832,276230
2015,YR2015,Uruguay,URY,15613.76427,12,4,2343.973066,59.69622,111.04048,1749234,82.79679871,64.07710266,185497,131266,44.41368,48.4289,-32568,2.84352,98.91739,7.487999916,6.364999771,8.855999947,1.03012,99.98552,78.29134,22002
2015,YR2015,Thailand,THA,5840.046948,9,6,15809.45,50.087995,100.65086,38916820,85.16750336,70.33809662,2713883,1636244,43.70435875,56.5884475,-45,1.12305875,98.14446,0.597000003,0.588999987,0.606000006,4.495174333,97.96249071,79.08281,129012
2016,YR2016,Argentina,ARG,12790.24247,12,4,30917.83822,87.21345,110.73918,19696452,83.12294579,51.04558563,1787365,1664915,65.87956,109.16721,67499,0.26752,99.50271,7.977000237,7.150000095,9.118000031,0.97811,99.54761,90.58749,212374
2016,YR2016,Brazil,BRA,8712.887044,12,4,113381.1543,51.08743,132.6629,102508951,81.66040039,48.56869888,8279104,5040210,44.56234,53.34545,-32517,0.63123,99.30301,11.60000038,10.20600033,13.45800018,7.75989,92.98643,88.34733,784080
2016,YR2016,Chile,CHL,13748.08766,12,6,13378.53622,87.18814,100.97826,9001237,82.95760345,48.28279877,779953,619062,81.96105,92.58558,-9426,1.1316,99.12297857,6.737999916,6.366000175,7.261000156,2.324490313,96.93685,94.73426,25149
2016,YR2016,United Kingdom,GBR,41074.16728,11,5,158925.733,58.42562,101.33521,33801224,83.77079773,58.55080032,2248162,1830312,49.96683,67.22568,397503,1.44508,95.6174975,4.813000202,4.926000118,4.683000088,0.163903333,99.65208, ,154178.1732
2016,YR2016,Switzerland,CHE,80172.1933,9,5,34268.50789,58.04695,104.62911,4889830,81.03820038,51.50999832,172439,172439,57.48347,58.63094,38492,4.54636,99.4778975,4.918000221,4.84100008,5.006000042,0.33131,99.98659,82.42854,31062
2016,YR2016,Spain,ESP,26505.62433,10,6,52087.73246,86.51608,104.21417,23103511,80.83879852,49.98529816,1810638,1365360,78.98772,94.41169,11746,1.93483,99.68537,19.63500023,18.12299919,21.38500023,1.90819,99.04465,93.56269,136301
2016,YR2016,Mexico,MEX,8739.756043,12,4,52919.54655,38.43338,106.27773,54396002,79.11740112,57.30099869,5067884,4822677,38.30063,38.56783,-21161,0.7967,99.40305,3.858999968,3.828999996,3.90899992,7.36619,99.34545,72.53628,471892
2016,YR2016,Japan,JPN,38794.33094,9,6,139856.572,49.331295,99.812952,66850743,77.72000122,70.39475115,2857813,2857813,41.48239,55.28599113,111808,0.82272,96.94794933,3.099999905,3.316999912,2.813999891,3.83489,98.09876,71.236715,283343
2016,YR2016,Germany,DEU,42098.92045,13,6,167800.2395,69.58059,102.67756,43055076,73.7539978,38.03710175,3090459,2269368,69.69071,69.46286,126487,3.88055,99.59972,4.122000217,4.451000214,3.740999937,0,99.48571,87.87032,412192.1363
2016,YR2016,France,FRA,36962.22229,10,6,145621.168,64.72768,102.26043,30195919,77.28890228,30.22660065,2585296,2585296,57.97096,71.7322,154507,3.6627,99.43218667,10.05700016,10.24400043,9.852000237,0.00025,99.8328,94.44494,239876
2016,YR2016,China,CHN,8078.790474,9,6,18735.6,48.01902,97.96192,784950069,83.166,86.05,42648284,42648284,43.81256,52.7417,-730792,1.97857,99.29699925,4.534999847,5.010000229,3.928999901,5.9345,97.826,89.19,3542203
2016,YR2016,Singapore,SGP,56724.17039,6,6,8935.98,83.94098,99.782,3496292,84.2897,72.2342,3107358,1965057.333,77.85877,90.57452,27829,8.57329,99.92658,4.079999924,3.786999941,4.487999916,0.0103,99.98961,99.86901,300043
2016,YR2016,Malaysia,MYS,9817.740861,6,6,14315.40268,46.7621,104.99918,14851647,69.25,69.08999634,943022,943022,43.15045,50.57597,59046,4.86974,97.94062,3.440000057,3.137000084,3.928999901,6.05713,99.82064,62.90329,279234
2016,YR2016,Uruguay,URY,15387.14403,12,4,2507.45864,62.54457,109.70778,1750871,83.15799713,63.8368988,188133,132437,45.5676,52.331565,-37589,2.82703,99.14806,7.84100008,6.5,9.451000214,0.98339,99.99986,80.76758,22562
2016,YR2016,Thailand,THA,5978.611454,9,6,14376.79027,49.28681,100.75753,38662091,84.22689819,70.03530121,2700778,1714140,41.04878,57.76924,794,1.27669,96.90061833,0.688000023,0.666000009,0.713999987,4.495174333,97.43876,77.45632,129500
2017,YR2017,Argentina,ARG,14591.86338,12,4,35105.55042,89.95852,109.74146,20035267,79.03289795,48.49480057,1819221,1694680,67.77473,112.79844,79853,0.28718,99.474685,8.347000122,7.52699995,9.463999748,0.939571111,99.56731,89.6001,267393
2017,YR2017,Brazil,BRA,9880.946543,12,4,130423.5672,53.34905,133.5679,104260712,81.58930206,48.52799988,8508731,5101935,46.23424,54.23245,-38205,0.68688,99.32831,12.82199955,11.36999989,14.71800041,7.15226,92.45355,89.3424,763995
2017,YR2017,Chile,CHL,15037.35028,12,6,15014.3391,88.46442,101.43016,9208644,82.45729828,48.3465004,787974,616615,82.46128,94.66281,-11273,1.28984,99.04568,6.958000183,6.599999905,7.454999924,2.58394,97.73008,94.84831,27326
2017,YR2017,United Kingdom,GBR,40361.41738,11,5,146625.3507,59.99557,101.15456,34014019,83.81999969,59.32759857,2191708,1763125,50.97231,69.37931,399198,1.50238,95.6174975,4.335000038,4.43599987,4.21999979,0.11526,99.56963,96.31014,151420.7793
2017,YR2017,Switzerland,CHE,80450.04582,9,5,34882.73526,59.56299,105.19068,4919831,80.91500092,50.55279922,172688,172688,58.82378,60.32979,38995,4.78127,99.73227,4.796999931,4.570000172,5.058000088,0.30867,99.85362,82.81398,30408
2017,YR2017,Spain,ESP,28100.85228,10,6,55228.79532,88.85301,102.71029,23047059,80.46019745,49.01869965,1782423,1321027,81.05325,97.02816,23429,2.06439, ,17.22400093,15.66300011,19.03499985,2.247153333,97.46907,96.17385,137743
2017,YR2017,Mexico,MEX,9278.418168,12,4,52362.28281,40.22896,105.77001,55131907,78.26239777,56.9469986,5174867,4942523,39.8398,40.62317,-9778,0.78784,99.43508,3.420000076,3.311000109,3.601000071,7.10929,99.27124,73.83875,479821
2017,YR2017,Japan,JPN,38331.9794,9,6,156643.9975,49.331295,99.812952,67288388,78.09999847,70.39475115,2872084,2872084,40.89324,55.28599113,132576,0.82433,96.94794933,2.799999952,2.927000046,2.63499999,3.89754,98.12389,72.23467,281623
2017,YR2017,Germany,DEU,44240.04411,13,6,179812.0307,70.24665,104.02236,43289005,73.55529785,38.86999893,3164317.5,2307513,69.81855,70.70689,135912,3.97713,99.46256,3.746000051,4.118000031,3.315000057,0,99.4707,88.50902,409323.9456
2017,YR2017,France,FRA,38679.12715,10,6,141477.1359,65.80223,102.41722,30236801,76.6371994,30.28050041,2561237,2561237,58.83112,73.04025,168968,3.53012,99.43218667,9.397000313,9.454000473,9.336000443,0.0002,99.9416,95.06626,240422
2017,YR2017,China,CHN,8759.041578,9,6,19364.3,49.07326,99.40481,784839482,83.166,86.05,44138630,44138630,44.71566,53.97915,-771257,2.10382,99.29699925,4.440999985,4.90500021,3.846999884,5.1435,97.826,89.19,3561354
2017,YR2017,Singapore,SGP,60297.79378,6,6,9398.67,84.79291,99.988,3497085,84.05119918,71.2348,3267205,1965057.333,78.93885,91.19697,29476,8.62157,99.93044,4.199999809,4.032000065,4.43599987,0.0099,99.96919,99.91046,316293
2017,YR2017,Malaysia,MYS,10254.23402,6,6,14919.49014,43.71518,105.2916,15114465,71.4,71.8,988393,988393,40.54763,47.06639,37489,5.06644,97.84631,3.410000086,3.089999914,3.927000046,6,99.64564,63.22058,280030
2017,YR2017,Uruguay,URY,16437.24487,12,4,2881.43219,63.12577,108.45944,1748271,83.26490021,63.18270111,187852,132580,44.41368,54.6782,-45014,3.16642,98.93046,7.889999866,6.563000202,9.482000351,0.86699,99.69451,88.22529,22998
2017,YR2017,Thailand,THA,6578.188865,9,6,14023.45,50.087995,99.62503,38490554,83.91069794,69.47789764,2665499,1727076,41,57.64753792,854,1.12305875,96.90061833,0.829999983,0.818000019,0.845000029,4.495174333,98.13247,75.45621,125727
2018,YR2018,Argentina,ARG,11683.94962,12,4,33458.92345,87.05799,113.857277,20551682,79.57689667,48.45800018,1662697.6,1555292.6,69.43221,114.2214,87738,0.319525,99.50552,9.220000267,8.225999832,10.53800011,0.77269,99.642114,86.311203,287362
2018,YR2018,Brazil,BRA,8920.762105,12,4,124640.4621,54.66678, ,105542232,81.12419891,47.87459946,8745184,5157892,49.32444,56.23423,-46002,0.76851,99.38339,12.33399963,10.86900043,14.22999954,6.91233,91.54345,90.34343,763031
2018,YR2018,Chile,CHL,15923.35874,12,6,15014.3391,90.89631,102.17922,9391133,82.56060028,47.63259888,795442,619608,84.11824,97.89286,-11046,1.33309,99.12297857,7.232999802,6.688000202,7.979000092,2.350435281,98.71613,95.37848,27644
2018,YR2018,United Kingdom,GBR,42943.90227,11,5,150820.2426,61.38289,100.99555,34329233,83.93930054,60.52349854,2184191,1764604,51.98603,71.14698,413093,1.58024,96.34589,3.996000051,4.045000076,3.940000057,0.1,99.33691,95.59295,150036.5803
2018,YR2018,Switzerland,CHE,82796.54716,9,5, ,61.37745,105.47647,4953327,81.27539825,51.52030182,173911,173911,60.47684,62.31203,37809,5.36944,99.78372,4.712999821,4.367000103,5.109000206,0.32221,99.91752,81.94932,30577
2018,YR2018,Spain,ESP,30370.89233,10,6, ,91.11257,101.98935,23064439,80.11849976,48.23329926,1769213,1296004,82.66291,99.96835,28878,2.04859,99.75977,15.25500011,13.72700024,17.03300095,1.71335,96.9241,98.3443,139938
2018,YR2018,Mexico,MEX,9673.443674,12,4, ,41.5228,105.02807,56253063,77.50910187,56.91059875,5119891,4899899,40.74708,42.309,-26973,0.74962,99.49106,3.282999992,3.196000099,3.427000046,6.59911,99.30054,73.85124,492124
2018,YR2018,Japan,JPN,39289.95843,9,6, ,50.087995,99.77436,68358370,78.33000183,69.89360046,2823857,2823857,40.23322,57.64753792,150845,0.82611,98.70497,2.400000095,2.573999882,2.177999973,4.61786,98.23487,74.98642,280827
2018,YR2018,Germany,DEU,47603.02763,13,6, ,70.34264,103.89456,43560137,73.44190216,39.29880142,3244126,2358517,69.28555,71.48545,189200,3.91754,99.75262,3.384000063,3.792000055,2.910000086,0,99.31106,86.12195,413060.0092
2018,YR2018,France,FRA,41463.64402,10,6,149765.2,67.62466,102.874,30396906,76.59619904,29.62400055,2543279,2543279,60.34038,75.21048,130135,3.79908,99.57262,9.059000015,9.022999763,9.097000122,0.00018,99.95786,95.46092,241852
2018,YR2018,China,CHN,9770.847088,9,6,19646.5,50.60444,100.22275,783424134,84.12,86.24,46001393,46001393,45.92842,55.88122,-815096,2.21067,98.348734,4.276000023,4.722000122,3.703000069,5.2345,98.12,89.04,3618804
2018,YR2018,Singapore,SGP,64581.94402,6,6,9796.34,88.88645,99.998,3493801,83.81269836,69.89360046,3287205,2184589,82.913,95.41782,28004,8.57292,99.92963,4.019000053,3.848999977,4.255000114,0.0084,99.79566,99.94632,328397
2018,YR2018,Malaysia,MYS,11373.233,6,6,16069.00368,45.12539, ,15381536,72.8,73,999557,999557,40.6635,49.85466,46729,4.81793,97.07494,3.349999905,3.055000067,3.825999975,5.97521,99.64564,64.36447889,280827
2018,YR2018,Uruguay,URY,17277.97011,12,4,3008.20465,65.9881,106.01723,1749881,83.0483017,62.56790161,192702,136085,49.32444,56.23423,-45997,2.902036,98.85598,8.336000443,6.873000145,10.08899975,0.78438,99.86431,89.44221,23432
2018,YR2018,Thailand,THA,7273.563207,9,6,13678.34,50.087995,99.77436,38907795,83.81269836,69.89360046,2701172,1824392,40.23322,57.64753792,987,1.12305875,98.70497,0.765999973,0.783999979,0.742999971,4.61786,98.23487,74.98642,126483
,,,,,,,,,,,,,,,,,,,,,,,,,,
,,,,,,,,,,,,,,,,,,,,,,,,,,
,,,,,,,,,,,,,,,,,,,,,,,,,,
Data from database: Education Statistics - All Indicators,,,,,,,,,,,,,,,,,,,,,,,,,,
Last Updated: 12/20/2020,,,,,,,,,,,,,,,,,,,,,,,,,,
